Entry Name,SID,Item Group Name,Attribute 1 Name,Attribute 1 Option,Attribute 2 Name,Attribute 2 Option,Attribute 3 Name,Attribute 3 Option,Quantity,Unit,Min Level,Price,Value,Notes,Tags,Primary Folder,Subfolder-level1,Subfolder-level2,Subfolder-level3,Subfolder-level4,Photo1,Photo2,Photo3,Photo4,Photo5,Photo6,Photo7,Photo8,Barcode/QR1-Data,Barcode/QR1-Type,Barcode/QR2-Data,Barcode/QR2-Type
14Kg Pail,S7S1KT0041,,,,,,,,0,units,,0.00,0.0,,,Bottles/Jars,,,,,,,,,,,,,"","","",""
1kg NCI Tub,S7S1KT0048,,,,,,,,720,units,,0.00,0.0,,,Bottles/Jars,,,,,,,,,,,,,"","","",""
1kg Square Dark Amber,S7S1KT0173,,,,,,,,44109,units,,0.00,0.0,,,Bottles/Jars,,,,,https://lnk.sortly.co/v2/downloads/photo/v2_ELHnovxmInIwLfxunaDFJFXf4fqRSluCgq2x8fZLSeDpyl3wz8dADQ==,,,,,,,,"","","",""
1kg Tub Imported,S7S1KT0040,,,,,,,,54456,units,,0.00,0.0,,,Bottles/Jars,,,,,https://lnk.sortly.co/v2/downloads/photo/v2_BA7filyTv-_kX6g-9oYWUriImrESzIDZ60T3RJUjpQnbrarjmezpUA==,,,,,,,,"","","",""
1kg Value Tub,S7S1KT0047,,,,,,,,4320,units,,0.00,0.0,,,Bottles/Jars,,,,,https://lnk.sortly.co/v2/downloads/photo/v2_cDvcJJ2SyGzlcV1eP17QBZRNL64ZXvuaepYFZs6Wn4fhg-XGPIaX5w==,,,,,,,,"","","",""
250g Jar Square,S7S1KT0033,,,,,,,,57154,units,,0.00,0.0,,,Bottles/Jars,,,,,https://lnk.sortly.co/v2/downloads/photo/v2_PAtonrB5CYXOfiRtTo7XWrb1ibvxGSBDDry_cCPjQQ838o0aafqYZg==,,,,,,,,"","","",""
29Kg Pail,S7S1KT0042,,,,,,,,448,units,,0.00,0.0,,,Bottles/Jars,,,,,,,,,,,,,"","","",""
360g Squeeze Bottle,S7S1KT0038,,,,,,,,119844,units,110000,0.00,0.0,,,Bottles/Jars,,,,,https://lnk.sortly.co/v2/downloads/photo/v2_oMNFijUunl6a9aC7KC_wxsvR0X_YwG0ezIByy4xPVm35NTGbAdSeSA==,,,,,,,,"","","",""
3kg Tub,S7S1KT0039,,,,,,,,37908,units,15120,0.00,0.0,,,Bottles/Jars,,,,,https://lnk.sortly.co/v2/downloads/photo/v2_aIe_gD1egFcuATfEXcEL_AI_g6JT_XZI_W3l3KTFag1o5uuikbn3Pg==,,,,,,,,"","","",""
500g Jar Oval,S7S1KT0034,,,,,,,,3240,units,,0.00,0.0,,,Bottles/Jars,,,,,https://lnk.sortly.co/v2/downloads/photo/v2__keBdJ7sTLC0Gz6UsLYHU0B5jwzQ3thtag4Ed2_pELnxoIvZbaxcwg==,,,,,,,,"","","",""
500g Jar Round,S7S1KT0035,,,,,,,,26124,units,,0.00,0.0,,,Bottles/Jars,,,,,https://lnk.sortly.co/v2/downloads/photo/v2_kBo2rECzRU1esvvjqlriHnnEmRT19byPx8ZjVaGZmK-DBtjiaILSWA==,,,,,,,,"","","",""
500g Jar Round - Old,S7S1KT0037,,,,,,,,15820,units,,0.00,0.0,,,Bottles/Jars,,,,,,,,,,,,,"","","",""
500g Jar Square,S7S1KT0032,,,,,,,,113154,units,,0.00,0.0,,,Bottles/Jars,,,,,https://lnk.sortly.co/v2/downloads/photo/v2_OrTzHwnJ2ZnQPyhzydVGIJg3fRa1QyP7Q8qc3LCrBntY5HvXGinq-A==,,,,,,,,"","","",""
500g Squeeze Bottle,S7S1KT0036,,,,,,,,9678,units,105000,0.00,0.0,,,Bottles/Jars,,,,,https://lnk.sortly.co/v2/downloads/photo/v2_tUWGlGQ_gct5gA4udM8ZBY_DbReI1nLBH1qHqLjfcH2fRBAinnQ72w==,,,,,,,,"","","",""
700g Jar Round,S7S1KT0046,,,,,,,,0,units,,0.00,0.0,,,Bottles/Jars,,,,,https://lnk.sortly.co/v2/downloads/photo/v2_UGl00_BZWfbeV6h9jz3NJ9paOGz7RUtCl_2-vO9XVnA47FSVwESJog==,,,,,,,,"","","",""
Nature Australia 250g Square Jar,S7S1KT0160,,,,,,,,4400,units,,0.00,0.0,,,Bottles/Jars,,,,,https://lnk.sortly.co/v2/downloads/photo/v2_rbCCuQ1leJnu2jOmyWE0HgP17pw499WTkCacGVGRAB0LRO2_dMh7vA==,https://lnk.sortly.co/v2/downloads/photo/v2_MTG7RcAUi3CLCO2pzWjNY5373QIEpWN_OE_Jav5DvbmUxcjTeyfuEA==,,,,,,,"","","",""
Plain 1kg Square Jar,S7S1KT0162,,,,,,,,2000,units,,0.00,0.0,,,Cartons,,,,,,,,,,,,,"","","",""
Plain 250g Square Jar - Manuka,S7S1KT0096,,,,,,,,1600,units,,0.00,0.0,,,Cartons,,,,,https://lnk.sortly.co/v2/downloads/photo/v2_d1bQDL1F-ZF0nI4plYXtQnAIYVPenwl1iu1pWDYSoPsofkus2UYxYQ==,,,,,,,,"","","",""
Plain 500g Jar,S7S1KT0164,,,,,,,,1100,units,,0.00,0.0,,,Cartons,,,,,,,,,,,,,"","","",""
Plain 500g Square Jar - Manuka,S7S1KT0102,,,,,,,,2765,units,,0.00,0.0,,,Cartons,,,,,https://lnk.sortly.co/v2/downloads/photo/v2_0RzldZh1aQ__2NeNk8KUAqa03w2-54Z-O5ec7LEBvNva7obrmx4wjw==,,,,,,,,"","","",""
ALDI - Bramwells New 500g Tray,S7S1KT0175,,,,,,,,5536,units,,0.00,0.0,,,Cartons,ALDI Cartons,,,,https://lnk.sortly.co/v2/downloads/photo/v2_FJT11FXel_KX-8sBLBSFqyL-eeqHMXQXPAVcEYTa22iBObjuPNWCQQ==,,,,,,,,"","","",""
ALDI - Bramwells Yellow Box 360g,S7S1KT0178,,,,,,,,5480,units,,0.00,0.0,,,Cartons,ALDI Cartons,,,,https://lnk.sortly.co/v2/downloads/photo/v2_VWPMgPzkfrFcdsOQr53Mfsvoc9eXMmx15Fl67KdS_4XU7NTKouDFdg==,,,,,,,,"","","",""
ALDI Manuka MGO 100+,S7S1KT0180,,,,,,,,1750,units,,0.00,0.0,,,Cartons,ALDI Cartons,,,,https://lnk.sortly.co/v2/downloads/photo/v2_HbecXKs2d0hKcC-tFfetpphfC7mmLumOf_TWxlAsK_YyHoT8o_yqog==,,,,,,,,"","","",""
Aldi - Bramwells 250g Square jar - Manuka 5+,S7S1KT0063,,,,,,,,4932,units,,0.00,0.0,,,Cartons,ALDI Cartons,,,,https://lnk.sortly.co/v2/downloads/photo/v2_xFX5FZ5ctZpsLUU1FuzG4BU0CMwmrNj-AOeDg7bJOBVNXaR4G04aEA==,,,,,,,,"","","",""
Aldi - Bramwells 500g Oval Jar - Pure,S7S1KT0057,,,,,,,,12800,units,,0.00,0.0,,,Cartons,ALDI Cartons,,,,,,,,,,,,"","","",""
Aldi - Bramwells 700g Jar - MB,S7S1KT0062,,,,,,,,4150,units,,0.00,0.0,,,Cartons,ALDI Cartons,,,,https://lnk.sortly.co/v2/downloads/photo/v2__XJtncB1Kc9hymQvuPPndbsGSR5aUjmaYmWe4HEdfmOA0hxzWEq7Gg==,,,,,,,,"","","",""
Aldi - NovaFarms Raw 360g Sqz - Raw Tray,S7S1KT0106,,,,,,,,60,units,,0.00,0.0,,,Cartons,ALDI Cartons,,,,https://lnk.sortly.co/v2/downloads/photo/v2_JLNxTbbU1K8HMzg5t2vXRMBNJhSchWJwbshxj7lILcAdTLfHK6ueGQ==,,,,,,,,"","","",""
Winn 3kg - Pure AU,S7S1KT0068,,,,,,,,5203,units,,0.00,0.0,,,Cartons,Costco Cartons,,,,https://lnk.sortly.co/v2/downloads/photo/v2_ZGisUjUrqurhgHQIznj6DoxQqwapajvOx9i5Dqd8J0bv2oeNs_sL-g==,,,,,,,,"","","",""
Winn 500g Oval Jar - Pure,S7S1KT0073,,,,,,,,975,units,,0.00,0.0,,,Cartons,Costco Cartons,,,,,,,,,,,,"","","",""
Winn 500g Square Jar - Manuka 5+,S7S1KT0075,,,,,,,,900,units,,0.00,0.0,,,Cartons,Costco Cartons,,,,,,,,,,,,"","","",""
FairPrice 1Kg NCI Tub - Raw,S7S1KT0072,,,,,,,,908,units,,0.00,0.0,,,Cartons,Fairprice Cartons,,,,https://lnk.sortly.co/v2/downloads/photo/v2_Wko8jZcLEX-ni6JmtLyVqbjfIlz19eM_zipMBOmuJl1Ela6K18Fjiw==,,,,,,,,"","","",""
FairPrice 360g Sqz - Raw,S7S1KT0069,,,,,,,,0,units,,0.00,0.0,,,Cartons,Fairprice Cartons,,,,https://lnk.sortly.co/v2/downloads/photo/v2_gKw3hPfD_-4l4L-T9gyBh1idfx2XblK0Y9oeeSAjzsIxQVV7b9_dbA==,,,,,,,,"","","",""
FairPrice 500g Oval Jar - Pure,S7S1KT0080,,,,,,,,1776,units,,0.00,0.0,,,Cartons,Fairprice Cartons,,,,https://lnk.sortly.co/v2/downloads/photo/v2_dZ6f6-p0hnJJcfr-FdWlEIvYodjV7w3jewVqvMPHeaylzNPyJ5XjYQ==,,,,,,,,"","","",""
Foodland Honey 370g Sqz - Blue Gum,S7S1KT0070,,,,,,,,548,units,,0.00,0.0,,,Cartons,Foodland Cartons,,,,https://lnk.sortly.co/v2/downloads/photo/v2_NH-rKMkVSNfaMG9Exra0tmcyUoaPTTLdr6uAW6a9k1dG01O4Th8tyA==,,,,,,,,"","","",""
Foodland Honey 370g Sqz - Pure,S7S1KT0064,,,,,,,,1342,units,,0.00,0.0,,,Cartons,Foodland Cartons,,,,https://lnk.sortly.co/v2/downloads/photo/v2_ilxBQIRf7edn6uqibWarN0ROnfl7IqxIB7aT_tBEKvYdYoMjEBZgcw==,,,,,,,,"","","",""
Foodland Honey 500g Round Jar - Blue Gum,S7S1KT0065,,,,,,,,497,units,,0.00,0.0,,,Cartons,Foodland Cartons,,,,https://lnk.sortly.co/v2/downloads/photo/v2_L3Sdjp39at3MLxFByrCrLDj2g2hWmt8J00wibx8GX0l3b3OF5s5ZBg==,,,,,,,,"","","",""
NovaFarms 250g Square Jar - Manuka 10+,S7S1KT0092,,,,,,,,1496,units,,0.00,0.0,,,Cartons,NovaFarms Cartons,,,,,,,,,,,,"","","",""
NovaFarms 250g Square Jar - Manuka 5+,S7S1KT0078,,,,,,,,926,units,,0.00,0.0,,,Cartons,NovaFarms Cartons,,,,https://lnk.sortly.co/v2/downloads/photo/v2_JSyHqelnB-UsTM03y8UirbpzxOrKcR6SVTheEko5v-yRNC8jXwko9A==,,,,,,,,"","","",""
NovaFarms 360g Sqz - MG 100+,S7S1KT0083,,,,,,,,650,units,,0.00,0.0,,,Cartons,NovaFarms Cartons,,,,https://lnk.sortly.co/v2/downloads/photo/v2_A46OGDr2h-oMkACGv6x3ZaEEdev4cZbRqw0azWi5Rts_eUXIqUr1-Q==,,,,,,,,"","","",""
NovaFarms 360g Sqz - MG 30+,S7S1KT0090,,,,,,,,1758,units,,0.00,0.0,,,Cartons,NovaFarms Cartons,,,,https://lnk.sortly.co/v2/downloads/photo/v2_RQINVdZz9oz-CBew5-S6iH3LUJvctiNZ8FB2kaKMcdleMs4sTDM_ig==,,,,,,,,"","","",""
NovaFarms 360g Sqz - Raw,S7S1KT0085,,,,,,,,3817,units,,0.00,0.0,,,Cartons,NovaFarms Cartons,,,,https://lnk.sortly.co/v2/downloads/photo/v2_mOFtcS_YscHIPinZ2edEfvKLfXfS9nC6DJzaxTjYj9x8OKuE5KrHog==,,,,,,,,"","","",""
NovaFarms 3Kg Tub - Clear,S7S1KT0084,,,,,,,,980,units,,0.00,0.0,,,Cartons,NovaFarms Cartons,,,,https://lnk.sortly.co/v2/downloads/photo/v2_UpoVJ6GP-VmlT9usVQqcPHtATMS_LVtmVnAskNpL6uhy_cXgiFUvJA==,,,,,,,,"","","",""
NovaFarms 500g Sqz - Raw,S7S1KT0088,,,,,,,,523,units,,0.00,0.0,,,Cartons,NovaFarms Cartons,,,,https://lnk.sortly.co/v2/downloads/photo/v2_MFMM0brGIteuJjSIX9OdLzdZ_Q-uFk9iR-t8KXSTQrjZ1tEKNfqcCQ==,,,,,,,,"","","",""
Panda Honey 3kg Tub,S7S1KT0165,,,,,,,,16,units,,0.00,0.0,,,Cartons,Panda Honey Cartons,,,,https://lnk.sortly.co/v2/downloads/photo/v2_J9UAGTCYCF9aQ70fSpjOEDOIp7T1nzKhMhOk5VLwTppOvNEC_AzryA==,,,,,,,,"","","",""
PandaHoney 1Kg NCI Tub - Pure,S7S1KT0089,,,,,,,,588,units,,0.00,0.0,,,Cartons,Panda Honey Cartons,,,,https://lnk.sortly.co/v2/downloads/photo/v2_03RTHVqqe4FRBYZQISHIJkUqtPqdcJXexDqPpKm0-WZ2BSprCmeC4w==,,,,,,,,"","","",""
PandaHoney 360g Sqz - Blue Gum,S7S1KT0094,,,,,,,,1301,units,,0.00,0.0,,,Cartons,Panda Honey Cartons,,,,https://lnk.sortly.co/v2/downloads/photo/v2_c17qDGLQKks_AGw0Az_AJ0VMGbNYcGMNIJes93rrpzS5FlV7UeI8Sw==,,,,,,,,"","","",""
PandaHoney 360g Sqz - Orange Blossom,S7S1KT0100,,,,,,,,2225,units,,0.00,0.0,,,Cartons,Panda Honey Cartons,,,,,,,,,,,,"","","",""
PandaHoney 360g Sqz - Pure,S7S1KT0091,,,,,,,,650,units,,0.00,0.0,,,Cartons,Panda Honey Cartons,,,,https://lnk.sortly.co/v2/downloads/photo/v2_D9Zw0IWxrZog61C-soeTcbn7eTX7CRCtAl7RYSux4F-2Ke_HgWtatw==,,,,,,,,"","","",""
PandaHoney 500g Oval Jar - Pure,S7S1KT0099,,,,,,,,267,units,,0.00,0.0,,,Cartons,Panda Honey Cartons,,,,,,,,,,,,"","","",""
PandaHoney 500g Sqz - Blue Gum,S7S1KT0098,,,,,,,,1897,units,,0.00,0.0,,,Cartons,Panda Honey Cartons,,,,,,,,,,,,"","","",""
PandaHoney 500g Sqz - KI Honey,S7S1KT0097,,,,,,,,1451,units,,0.00,0.0,,,Cartons,Panda Honey Cartons,,,,https://lnk.sortly.co/v2/downloads/photo/v2_ZyFa_gsdGDM8gLrHDKVuym_SHpK7oZlQ_GtQnjzZcI2FKdV-4JYyZw==,,,,,,,,"","","",""
PandaHoney 500g Sqz - Pure,S7S1KT0093,,,,,,,,404,units,,0.00,0.0,,,Cartons,Panda Honey Cartons,,,,https://lnk.sortly.co/v2/downloads/photo/v2_4Uxpul7OK0D1kZvT37dlSiny9N8okf7xjTgolnaDW_MuEUceWPV3rg==,,,,,,,,"","","",""
PuraBee 1 Kg NCI Tub - Pure,S7S1KT0074,,,,,,,,1168,units,,0.00,0.0,,,Cartons,PuraBee Cartons,,,,https://lnk.sortly.co/v2/downloads/photo/v2_9EF2nid7Lc_po_MKsEn83EW0TWV2wd0OxGICQ7XdifWxnAqW171O7Q==,,,,,,,,"","","",""
PuraBee 250g Square Jar - Manuka,S7S1KT0082,,,,,,,,2570,units,,0.00,0.0,,,Cartons,PuraBee Cartons,,,,https://lnk.sortly.co/v2/downloads/photo/v2_8n5oT_mvi4UqWRACEzcShlgrLwaK_iNHzm_3sZV_bDcjnRumeefhaQ==,,,,,,,,"","","",""
PuraBee 360g Sqz - MG 30+,S7S1KT0077,,,,,,,,450,units,,0.00,0.0,,,Cartons,PuraBee Cartons,,,,,,,,,,,,"","","",""
PuraBee 360g Sqz - Pure,S7S1KT0086,,,,,,,,1669,units,,0.00,0.0,,,Cartons,PuraBee Cartons,,,,https://lnk.sortly.co/v2/downloads/photo/v2_FZ_gerKDC4QYVICV5RtSqi4Hz-S1K5iCv6pWs1YSHzCm0CZhqknMog==,,,,,,,,"","","",""
PuraBee 500g sqz - Pure,S7S1KT0076,,,,,,,,408,units,,0.00,0.0,,,Cartons,PuraBee Cartons,,,,https://lnk.sortly.co/v2/downloads/photo/v2_TZ-tX9AdNrbNy2-s7OhWXIg6xMt3yt2tMyDCJZT8PB49c0JJAj5haQ==,,,,,,,,"","","",""
Farmside 1 Kg NCI Tub - Pure,S7S1KT0087,,,,,,,,1432,units,,0.00,0.0,,,Cartons,Value Brand and Farmside Cartons,,,,https://lnk.sortly.co/v2/downloads/photo/v2_sW4RJLNnR4bOAovOyT9zOC2YZC2HWHKBo6p2ak9JuEgztdScIi2q2Q==,,,,,,,,"","","",""
Farmside 500g SQZ,S7S1KT0182,,,,,,,,887,units,,0.00,0.0,,,Cartons,Value Brand and Farmside Cartons,,,,https://lnk.sortly.co/v2/downloads/photo/v2_D1ohxTGya1sgM41HfNXXHNBVVB3EXfWIpwg0jQMU9Or2gItFiIAN1A==,,,,,,,,"","","",""
Value Brand 1Kg Value Tub - Pure,S7S1KT0079,,,,,,,,500,units,,0.00,0.0,,,Cartons,Value Brand and Farmside Cartons,,,,https://lnk.sortly.co/v2/downloads/photo/v2_odgBjHzcstonwqkOOSgG6io_aU5-UuFpDgbfAeuCNDGk5u5HNsB7vg==,https://lnk.sortly.co/v2/downloads/photo/v2_rG6-wCTB9X9YD3ihPRyRxeB5QNAOlS5mYp3LxGce-rbfR4pg0qhIVA==,,,,,,,"","","",""
Value Brand 370g Sqz - Pure,S7S1KT0071,,,,,,,,1065,units,,0.00,0.0,,,Cartons,Value Brand and Farmside Cartons,,,,https://lnk.sortly.co/v2/downloads/photo/v2_EmTfdbAWXQfZQ0I2Exni0XbENdi-vH3FhK5UmwvJFpeTMSpYbu8BUQ==,,,,,,,,"","","",""
Value Brand 500g Round Jar - Pure,S7S1KT0081,,,,,,,,995,units,,0.00,0.0,,,Cartons,Value Brand and Farmside Cartons,,,,https://lnk.sortly.co/v2/downloads/photo/v2_hc2bTjc9eHVi7g-VB-zZGuzP6TQlzarMkn1KpyZXQUsZ_K-Eb9VcCQ==,,,,,,,,"","","",""
(OLD)The Hive Smith Manuka Honey MGO30+,S7S1KT0186,,,,,,,,6500,units,,0.00,0.0,,,Labels,,,,,https://lnk.sortly.co/v2/downloads/photo/v2_oQ64myMvsFWLjee6jc2ZQUpp4QLbT90I4-LE463jKTwi4WjvszkrKw==,,,,,,,,"","","",""
DORADO Manuka Honey 1200+ 250g,S7S1KT0184,,,,,,,,2500,units,,0.00,0.0,,,Labels,,,,,https://lnk.sortly.co/v2/downloads/photo/v2_w1itiwnXMemRALLf1GTAqLoKmsw0LrW6umZBH1RqlwN1K6RlCB88lw==,,,,,,,,"","","",""
DORADO Manuka Honey 1500+ 250g,S7S1KT0185,,,,,,,,2500,units,,0.00,0.0,,,Labels,,,,,https://lnk.sortly.co/v2/downloads/photo/v2_zVAxXoCAi9tXLZr9SIXmChdA9A8SDgcE-WR4FpQtoTV0jJvnltW5tg==,,,,,,,,"","","",""
Paradise Gold Leatherwood 500g,S7S1KT0167,,,,,,,,3548,units,,0.00,0.0,,,Labels,,,,,https://lnk.sortly.co/v2/downloads/photo/v2__Uq81junSS5Um8nQYtrZpGDy2N_4CYOdrNqLnJbpx9ZfdeyDjElrcw==,,,,,,,,"","","",""
Paradise Gold Manuka 250g,S7S1KT0166,,,,,,,,6488,units,,0.00,0.0,,,Labels,,,,,https://lnk.sortly.co/v2/downloads/photo/v2_2qHVoq3UZph9tyhAKZG3ELYLyFicJBB03vSgiibAHef17PrNAe0vtQ==,,,,,,,,"","","",""
ALDI- Bramwells 360g Yellow Box,S7S1KT0172,,,,,,,,61200,units,,0.00,0.0,,,Labels,ALDI Labels,,,,https://lnk.sortly.co/v2/downloads/photo/v2_dnwzQc8kpij_zL3NNlWv3v7YGc-ae_RoHiWp_TjZnsjQD6QYhrcZkg==,,,,,,,,"","","",""
Aldi - Bramwells 360g Sqz - Eucalyptus,S7S1KT0111,,,,,,,,34810,units,,0.00,0.0,,,Labels,ALDI Labels,,,,https://lnk.sortly.co/v2/downloads/photo/v2_HJyxmiP9UZATqP_maUlJIoFfpALXTDBNvDsndUq-UQYT7KbHjXQhRA==,,,,,,,,"","","",""
Aldi - Bramwells 500g Oval Jar - Pure,S7S1KT0121,,,,,,,,33024,units,,0.00,0.0,,,Labels,ALDI Labels,,,,,,,,,,,,"","","",""
Aldi - Bramwells 500g sqz - Pure,S7S1KT0115,,,,,,,,40932,units,,0.00,0.0,,,Labels,ALDI Labels,,,,https://lnk.sortly.co/v2/downloads/photo/v2_DimKzOQbgqsMjEnSqhUabA9Q1N9CTpIDBdI1M4Zre8xZ1IKHf_wQxA==,,,,,,,,"","","",""
Aldi - Bramwells 700g Jar - MB,S7S1KT0107,,,,,,,,0,units,,0.00,0.0,,,Labels,ALDI Labels,,,,https://lnk.sortly.co/v2/downloads/photo/v2_Eeb4AZLDC-Pqtq1diYy3BmjlF1Ww9AJT1M0pqa7AI_ZeDL2RISXVAg==,,,,,,,,"","","",""
Aldi - Manuka MGO83+ 250g Square Jar,S7S1KT0103,,,,,,,,4962,units,,0.00,0.0,,,Labels,ALDI Labels,,,,https://lnk.sortly.co/v2/downloads/photo/v2_O1-VSuN0ZWuqY8EbqNjOHtDapd8VV3MHOWK9Dd2rCzkF3aQMJrgq3Q==,https://lnk.sortly.co/v2/downloads/photo/v2_gYZRoNCZvIJGI-HaFnIpRwX60rnVnfXcYaY8riHPIo8FB51jWIBbbA==,,,,,,,"","","",""
Aldi Manuka MGO 100+ 250g SQ Jar,S7S1KT0177,,,,,,,,3536,units,,0.00,0.0,,,Labels,ALDI Labels,,,,https://lnk.sortly.co/v2/downloads/photo/v2_bNcBy39uBrJchnFtaM4QhQ4f0CI1OMrj_KTu2BZuLIJtfp3phKbNGg==,,,,,,,,"","","",""
Beesante Generic Lid Label,S7S1KT0228,,,,,,,,57700,units,,0.00,0.0,,,Labels,Beesante Labels,,,,https://lnk.sortly.co/v2/downloads/photo/v2_GJBXI39JJR6JM1hxdWZT45WB06acg2dttg6gHYpr4axGP0V1FuGs_Q==,,,,,,,,"","","",""
Beesante Manuka Honey MGO100+ 250g,S7S1KT0221,,,,,,,,300,units,,0.00,0.0,,,Labels,Beesante Labels,,,,https://lnk.sortly.co/v2/downloads/photo/v2_oVyd-qINK6GgYIWz--2yg0oP04EmzcLcZBKxzs_umleaNMHqIDWyxg==,,,,,,,,"","","",""
Beesante Manuka Honey MGO1200+ 250g,S7S1KT0227,,,,,,,,300,units,,0.00,0.0,,,Labels,Beesante Labels,,,,https://lnk.sortly.co/v2/downloads/photo/v2_a79AtkkHPGSE98HxXAPg2r6um31CyhKm3XcLNq-0GTU4VDNTAB8oKA==,,,,,,,,"","","",""
Beesante Manuka Honey MGO263+ 250g,S7S1KT0217,,,,,,,,12600,units,,0.00,0.0,,,Labels,Beesante Labels,,,,https://lnk.sortly.co/v2/downloads/photo/v2_Z9Yj-nNApbI7WrEVV2OqwYMhk4d06voe-OvK8EpHfRnBW5zEZr5zww==,,,,,,,,"","","",""
Beesante Manuka Honey MGO30+ 250g,S7S1KT0215,,,,,,,,25100,units,,0.00,0.0,,,Labels,Beesante Labels,,,,https://lnk.sortly.co/v2/downloads/photo/v2_Zu4PJCuktgU4cob1Pe5RS6hAZlkS5IylCsVMAj4uF_8CQ-iW571gNg==,,,,,,,,"","","",""
Beesante Manuka Honey MGO350+ 250g,S7S1KT0222,,,,,,,,300,units,,0.00,0.0,,,Labels,Beesante Labels,,,,https://lnk.sortly.co/v2/downloads/photo/v2_rkcHpLYMGxMFNKALL2oYN4kmgBqjmOGscVbpKehR9oR8ZT4VvytUfw==,,,,,,,,"","","",""
Beesante Manuka Honey MGO400+ 250g,S7S1KT0223,,,,,,,,300,units,,0.00,0.0,,,Labels,Beesante Labels,,,,https://lnk.sortly.co/v2/downloads/photo/v2_psgX2wDlVbIzY8fiOfLFVdBdqnzOYt-mztF2QqvB4UoP2Q9pCNposQ==,,,,,,,,"","","",""
Beesante Manuka Honey MGO50+ 250g,S7S1KT0220,,,,,,,,300,units,,0.00,0.0,,,Labels,Beesante Labels,,,,https://lnk.sortly.co/v2/downloads/photo/v2_cg_MPx1SR45gqi7P-sRA6iwSuNOQcjomyNNDet92oeftuoMlfx1SjQ==,,,,,,,,"","","",""
Beesante Manuka Honey MGO550+ 250g,S7S1KT0218,,,,,,,,2500,units,,0.00,0.0,,,Labels,Beesante Labels,,,,https://lnk.sortly.co/v2/downloads/photo/v2_BvDkfeaX65oDfyd1nsfw4qZtXRD5XkVt3a32HXYkryQuH9Muqhzbsg==,,,,,,,,"","","",""
Beesante Manuka Honey MGO570+ 250g,S7S1KT0224,,,,,,,,300,units,,0.00,0.0,,,Labels,Beesante Labels,,,,https://lnk.sortly.co/v2/downloads/photo/v2_ONGuO2sO3IARso16ymTSwli3BrI8SHfvd5RaTp06mK7e_pYbogdYgA==,,,,,,,,"","","",""
Beesante Manuka Honey MGO600+ 250g,S7S1KT0225,,,,,,,,300,units,,0.00,0.0,,,Labels,Beesante Labels,,,,https://lnk.sortly.co/v2/downloads/photo/v2_uQ3ZynyOPDq9cn7MX3LniOiplRGB0Vo4gwCZ91caLhhifrQCyOIa7w==,,,,,,,,"","","",""
Beesante Manuka Honey MGO700+ 250g,S7S1KT0226,,,,,,,,300,units,,0.00,0.0,,,Labels,Beesante Labels,,,,https://lnk.sortly.co/v2/downloads/photo/v2_6lLdKXe3ulqwemrGYXXX9XS3HLV3t9JTT6N4qdPOt_Hf_ulUpb52eA==,,,,,,,,"","","",""
Beesante Manuka Honey MGO800+ 250g,S7S1KT0219,,,,,,,,2500,units,,0.00,0.0,,,Labels,Beesante Labels,,,,https://lnk.sortly.co/v2/downloads/photo/v2_o5sdd94PG-0YHk2mKGy16vAOyptinZPFKzJpxd640CrQDiB8W63cHg==,,,,,,,,"","","",""
Beesante Manuka Honey MGO83+ 250g,S7S1KT0216,,,,,,,,12600,units,,0.00,0.0,,,Labels,Beesante Labels,,,,https://lnk.sortly.co/v2/downloads/photo/v2_ReVQJK5vef6JJTpBZmyN4p5Ot0Dluo-07g4IVugJtqdoUPM_wLr_Sw==,,,,,,,,"","","",""
Farmside 1 Kg NCI Tub - Pure,S7S1KT0144,,,,,,,,18964,units,,0.00,0.0,,,Labels,Drakes Labels,,,,https://lnk.sortly.co/v2/downloads/photo/v2_0RT3fFXIKZjJ97lyNR1T9cit6oCN5rLRCS0n85RiPzLQAMsG1Dp9dw==,,,,,,,,"","","",""
Farmside 500g UD SQZ,S7S1KT0183,,,,,,,,45804,units,,0.00,0.0,,,Labels,Drakes Labels,,,,https://lnk.sortly.co/v2/downloads/photo/v2_zZwlIS_penpq7exo2JgyDtqWTRgRv6Ot17nFc0xZ4Mmtkoy880RQ8w==,https://lnk.sortly.co/v2/downloads/photo/v2_Aetg4uITyTW98VhQq7pVrQB-2A2mINS0WZ5G3_RuJ-qKdrDrXLgGtQ==,,,,,,,"","","",""
Value Brand 370g Sqz - Pure,S7S1KT0112,,,,,,,,14900,units,,0.00,0.0,,,Labels,Drakes Labels,,,,https://lnk.sortly.co/v2/downloads/photo/v2_YqFPpx4hRS16WG8lTz3EDA_yW9XeUeA1-9paalQFQS5Lu-v6fHyaxA==,,,,,,,,"","","",""
Value Brand 500g Round Jar - Pure,S7S1KT0120,,,,,,,,7360,units,,0.00,0.0,,,Labels,Drakes Labels,,,,https://lnk.sortly.co/v2/downloads/photo/v2_AMrAyeamQqWC8H0Jh2d8g-fJBPVcCgw2o5QcfaOf9tkQcSl98HCwwA==,,,,,,,,"","","",""
Value Pure 1Kg Tub,S7S1KT0190,,,,,,,,2080,units,,0.00,0.0,,,Labels,Drakes Labels,,,,https://lnk.sortly.co/v2/downloads/photo/v2_9Q_WX6kikyOabE3YZwTMzZ6nug6FTBTUBPwTzIqtZKvtG2dDDOJWLg==,,,,,,,,"","","",""
FairPrice 1Kg NCI Tub - Raw,S7S1KT0129,,,,,,,,7000,units,,0.00,0.0,,,Labels,FairPrice Label,,,,https://lnk.sortly.co/v2/downloads/photo/v2_umGUyHLukl4pNgkt6XTlCMq3Ga3NcYaXf8COjL2YRoPA300UBf7EHw==,,,,,,,,"","","",""
FairPrice 360g Sqz - Raw,S7S1KT0119,,,,,,,,32880,units,10000,0.00,0.0,,,Labels,FairPrice Label,,,,https://lnk.sortly.co/v2/downloads/photo/v2_MFOkK0_GaH8Ux0eKS03ESPpd_ZqGsx3iMJfZwMuMW8kh_S5bY5tIXw==,,,,,,,,"","","",""
FairPrice 500g Oval Jar - Pure,S7S1KT0122,,,,,,,,37252,units,24000,0.00,0.0,,,Labels,FairPrice Label,,,,https://lnk.sortly.co/v2/downloads/photo/v2_sLaFIH4d_M_D2fxRIIpX2BePzLCfRSX7jbzuy5HOe7cgFnOL1_sCmw==,,,,,,,,"","","",""
Foodland Honey 370g Sqz - Blue Gum,S7S1KT0117,,,,,,,,0,units,,0.00,0.0,,,Labels,Foodland Labels,,,,https://lnk.sortly.co/v2/downloads/photo/v2_sfJYqZUuRRTXoEW1huppXfzcWt0k6bFGU9do11-XEy9EmtylT8OgYQ==,,,,,,,,"","","",""
Foodland Honey 370g Sqz - Pure,S7S1KT0126,,,,,,,,5216,units,,0.00,0.0,,,Labels,Foodland Labels,,,,https://lnk.sortly.co/v2/downloads/photo/v2_5nRg7oJjjjNJayn1fYCeVPGFU7a-M4Vk9TjR70Ib_OyhowMGLccJMw==,,,,,,,,"","","",""
Foodland Honey 500g Round Jar - Blue Gum,S7S1KT0114,,,,,,,,3280,units,,0.00,0.0,,,Labels,Foodland Labels,,,,https://lnk.sortly.co/v2/downloads/photo/v2_EbNRrvrMPXA59sdLX_nn8f9vml-2F2Lfu6ufYjezOYAJ-8Wmz598Og==,,,,,,,,"","","",""
Healthy Adeland Ginger Manuka Honey 30+ 250g,S7S1KT0199,,,,,,,,20150,units,,0.00,0.0,,,Labels,Healthy Adeland Manuka Honey Labels,,,,https://lnk.sortly.co/v2/downloads/photo/v2_P85cqL7PB1tLpbTg-wrxxGD1M1TND6WlWsoX6V-HqJxB3QdRU0GK4A==,,,,,,,,"","","",""
Healthy Adeland Lemon Manuka Honey 30+ 250g,S7S1KT0200,,,,,,,,20150,units,,0.00,0.0,,,Labels,Healthy Adeland Manuka Honey Labels,,,,https://lnk.sortly.co/v2/downloads/photo/v2_sJ3hNMBhovX_jqMFNHbQDMct728Mm73p0y6Kupko5hP_18nUViaZSw==,,,,,,,,"","","",""
Healthy Adeland Manuka Honey MGO263+ 250g,S7S1KT0213,,,,,,,,8015,units,,0.00,0.0,,,Labels,Healthy Adeland Manuka Honey Labels,,,,https://lnk.sortly.co/v2/downloads/photo/v2_nUXV0TZ53RnW-T9eFnRZZQQunih44s6xKTwVPfRADM77i8OuNyXjKg==,,,,,,,,"","","",""
Healthy Adeland Manuka Honey MGO30+ 250g,S7S1KT0201,,,,,,,,105026,units,,0.00,0.0,,,Labels,Healthy Adeland Manuka Honey Labels,,,,https://lnk.sortly.co/v2/downloads/photo/v2_SEYukjknLF1IX30QIW4J5u8kX_ISGgQ5vCg86_xwrnU1VCJRtA90kA==,,,,,,,,"","","",""
Healthy Adeland Manuka Honey MGO515+ 250g,S7S1KT0205,,,,,,,,10120,units,,0.00,0.0,,,Labels,Healthy Adeland Manuka Honey Labels,,,,https://lnk.sortly.co/v2/downloads/photo/v2_YCtErZgFKUaoYE9dfeDUSvBsAE4L3p64oTE_9o5hhURXOO-EMh4ddw==,,,,,,,,"","","",""
Healthy Adeland Manuka Honey MGO83+ 250g,S7S1KT0214,,,,,,,,6530,units,,0.00,0.0,,,Labels,Healthy Adeland Manuka Honey Labels,,,,https://lnk.sortly.co/v2/downloads/photo/v2_aX_0T6Lde3PyGgTcASLrxKfjx8fJSeLvBQy5xRq0-QJ8V45ZaxKkJA==,,,,,,,,"","","",""
Novafarms Blue Gum Honey 500g Jar(HK),S7S1KT0191,,,,,,,,19800,units,,0.00,0.0,,,Labels,Hong Kong Labels,,,,https://lnk.sortly.co/v2/downloads/photo/v2_N5eVND7F0DtE74eKmv3ShOODugw5VwYwM_jWBpsJEXpsGH5WhdZgtA==,,,,,,,,"","","",""
Novafarms Manuka Honey MGO30+ 360g (HK),S7S1KT0192,,,,,,,,16500,units,,0.00,0.0,,,Labels,Hong Kong Labels,,,,https://lnk.sortly.co/v2/downloads/photo/v2_57-KstYKuJgaycNFM0ifM6UHIQI-XQd6U48caq9SdLhyTK5YlP0PEg==,,,,,,,,"","","",""
Novafarms Manuka MGO83+ 250g Jar(HK),S7S1KT0193,,,,,,,,5892,units,,0.00,0.0,,,Labels,Hong Kong Labels,,,,https://lnk.sortly.co/v2/downloads/photo/v2_6rjqGc-i6l6rC8-92zNfP8T76CkVwUnEhUYIGtE1npsu4peYgr68hw==,,,,,,,,"","","",""
Kangaroo Village Manuka Honey 263+ 500g,S7S1KT0203,,,,,,,,16200,units,,0.00,0.0,,,Labels,Kangaroo Village,,,,https://lnk.sortly.co/v2/downloads/photo/v2_rSAmcnDaGGKnwZ09Hnm0LW7dQhcWnRxBKbsdnJP-NsQr4Crg8TL3Gg==,,,,,,,,"","","",""
Kangaroo Village Manuka Honey 515+ 500g,S7S1KT0204,,,,,,,,10060,units,,0.00,0.0,,,Labels,Kangaroo Village,,,,https://lnk.sortly.co/v2/downloads/photo/v2_WDyMPA0JV5yDef6QmFkXcxHxSKEwZBvqDiZEPFN9JzXKLWj3gYy84Q==,,,,,,,,"","","",""
NovaFarms 14kg Tub 100% Australian,S7S1KT0159,,,,,,,,3936,units,,0.00,0.0,,,Labels,NovaFarms Labels,,,,https://lnk.sortly.co/v2/downloads/photo/v2_Qafhp1-8fAiyx7qJLF3Q8WP6B4z9XRn6q2RJlEkltjoCRHe3XhWsPw==,,,,,,,,"","","",""
NovaFarms 250g Square Jar - Manuka 10+,S7S1KT0130,,,,,,,,23772,units,,0.00,0.0,,,Labels,NovaFarms Labels,,,,https://lnk.sortly.co/v2/downloads/photo/v2_Lv8o6LdYtdkVnYhF1ISbiuTZfWU5zlGftcfEtMZe39Bjoc-k6s4WCQ==,https://lnk.sortly.co/v2/downloads/photo/v2_rxULjjEjFux4S1pVlBPH7zndXiWJIHOKuqjX071C0Ry9GZ--EuZcnw==,,,,,,,"","","",""
NovaFarms 250g Square Jar - Manuka 15+,S7S1KT0134,,,,,,,,12572,units,,0.00,0.0,,,Labels,NovaFarms Labels,,,,https://lnk.sortly.co/v2/downloads/photo/v2_obgcgAQ3KINX5ZvAB8xU2Po97IzuQnzjB1IB-Ft5moazRP9ClugjXg==,https://lnk.sortly.co/v2/downloads/photo/v2_0rQsTpOty436zPQ_gUdUuElhWqMKePtde5duproG6wIcSQSUhGY_vQ==,,,,,,,"","","",""
NovaFarms 250g Square Jar - Manuka 20+,S7S1KT0141,,,,,,,,8376,units,,0.00,0.0,,,Labels,NovaFarms Labels,,,,https://lnk.sortly.co/v2/downloads/photo/v2_7MCl2dEdTrtk-TXYhZ6eN_C5Ry0eLY6s20xVzSWwkpRwKqkXD4Eadw==,https://lnk.sortly.co/v2/downloads/photo/v2_SqLvfgGg_wIPuq1m1oAacEVspZ_trVwaVDnGr6n7QA3z-u1kLbMT_Q==,,,,,,,"","","",""
NovaFarms 250g Square Jar - Manuka 25+,S7S1KT0143,,,,,,,,4920,units,,0.00,0.0,,,Labels,NovaFarms Labels,,,,https://lnk.sortly.co/v2/downloads/photo/v2_NIcq2NqHF3C3Yim1GErzHejtCIFWkNmR6uIwHlzdNFjh5qe2AiSvtw==,https://lnk.sortly.co/v2/downloads/photo/v2_HCI8_wkVsxKFoA62_KYmsQ0ZP8OZWu_EUmVz_rpT3iJDPQERef4Prw==,,,,,,,"","","",""
NovaFarms 250g Square Jar - Manuka 5+,S7S1KT0137,,,,,,,,7704,units,,0.00,0.0,,,Labels,NovaFarms Labels,,,,https://lnk.sortly.co/v2/downloads/photo/v2_8NXpSrvOcSHnmXEnpQ3l5LmWw8NHF78QOPklwYWK1TDFlB1FqIesBQ==,https://lnk.sortly.co/v2/downloads/photo/v2_t20WadeQgHGXJa2s0_ZusOUWrvzAZj_t5uqYElE1WZ5XNbtfywh2fQ==,,,,,,,"","","",""
NovaFarms 360g Sqz - MG 100+,S7S1KT0148,,,,,,,,3000,units,,0.00,0.0,,,Labels,NovaFarms Labels,,,,https://lnk.sortly.co/v2/downloads/photo/v2_OSq_DBxp2mqq8t81UfQ2qjMwJjom0AQcThI5HwOvH-pzznevN2F87A==,,,,,,,,"","","",""
NovaFarms 360g Sqz - MG 30+,S7S1KT0139,,,,,,,,0,units,,0.00,0.0,,,Labels,NovaFarms Labels,,,,https://lnk.sortly.co/v2/downloads/photo/v2_8qPPmkL42pZ-L1MElRhNQ-zbrms5g3yz5Pr_B4-sPuqwkyUMbWV7Bw==,,,,,,,,"","","",""
NovaFarms 360g Sqz - Raw,S7S1KT0128,,,,,,,,21420,units,,0.00,0.0,,,Labels,NovaFarms Labels,,,,https://lnk.sortly.co/v2/downloads/photo/v2_-IuKX7l-Dd1kES9JlxLme4dK8SQ_g7mpqNts7y38aTMVUrpJfBKsLg==,,,,,,,,"","","",""
NovaFarms 3Kg Tub - Clear,S7S1KT0136,,,,,,,,9162,units,,0.00,0.0,,,Labels,NovaFarms Labels,,,,https://lnk.sortly.co/v2/downloads/photo/v2_EE_tvK3R8itltLVQTXCKLoPrzDyJRlVSZYDGag1F70I2kKUSK6h54Q==,,,,,,,,"","","",""
NovaFarms 500g Square Jar - Manuka 10+,S7S1KT0132,,,,,,,,10860,units,,0.00,0.0,,,Labels,NovaFarms Labels,,,,https://lnk.sortly.co/v2/downloads/photo/v2_yyvdsoAOjXLJNGeebWnRiKmptEta8REppKqRaZg20oWUss1Jt4ouwg==,https://lnk.sortly.co/v2/downloads/photo/v2_zpslSbdNNOFUfK3Rcc-xGof86NfNz_wXOmpxgL8hJTkAlmZALX2bTA==,,,,,,,"","","",""
NovaFarms 500g Square Jar - Manuka 15+,S7S1KT0152,,,,,,,,6304,units,,0.00,0.0,,,Labels,NovaFarms Labels,,,,https://lnk.sortly.co/v2/downloads/photo/v2_fn1HiJdAurlrqQNN-7WdikArJoUDSXCwjUNwJ-eQxpCTA0nZ3z3Lhg==,https://lnk.sortly.co/v2/downloads/photo/v2_iZf7twj2a5cwjx4UGdTXgTFydT-x6_YHmttSIk4NLnmu1mq0_2bTZg==,,,,,,,"","","",""
NovaFarms 500g Square Jar - Manuka 20+,S7S1KT0149,,,,,,,,3295,units,,0.00,0.0,,,Labels,NovaFarms Labels,,,,https://lnk.sortly.co/v2/downloads/photo/v2_CnoL_NtfzljVPNE1n0WhnhujKPLMSCduddOnMOgclVRnuXnWsZstqA==,https://lnk.sortly.co/v2/downloads/photo/v2_GNBH0SIaQ2DpvxOFn-lr1--QLr0HY88FDiR-b6XKLeRpP52rk0WU8A==,,,,,,,"","","",""
NovaFarms 500g Square Jar - Manuka 5+,S7S1KT0147,,,,,,,,10222,units,,0.00,0.0,,,Labels,NovaFarms Labels,,,,https://lnk.sortly.co/v2/downloads/photo/v2_6sUl9kXS-GyYU-M4P-YxVkLb0DyOO_5gwjRZ6Bhqm2NLZpwoQiWZ8w==,https://lnk.sortly.co/v2/downloads/photo/v2_HQgUMWd1mYyBCM18GN7c7TC-GcrxThKgsO5lPJOavvkjG4JIiKdh-A==,,,,,,,"","","",""
NovaFarms 500g Sqz - Raw,S7S1KT0131,,,,,,,,20680,units,,0.00,0.0,,,Labels,NovaFarms Labels,,,,https://lnk.sortly.co/v2/downloads/photo/v2_w0Q1aU36Xv1BpJJMGWkgFOJ2kXG4trGM6dftqaQcBOHNHDbaL5bbJg==,,,,,,,,"","","",""
Novafarms Clear Honey 29Kg,S7S1KT0202,,,,,,,,3500,units,,0.00,0.0,,,Labels,NovaFarms Labels,,,,https://lnk.sortly.co/v2/downloads/photo/v2_sTnLPVw1cg0_iRtDs5APO6LeUhLPnZ_FDpeTBO9lyi8CHsFuoj8WOQ==,,,,,,,,"","","",""
Novafarms Manuka Honey MGO30+ 360g Sqz,S7S1KT0194,,,,,,,,8700,units,,0.00,0.0,,,Labels,NovaFarms Labels,,,,https://lnk.sortly.co/v2/downloads/photo/v2_Qr13laEkbSgWbVTiudndGwqfIsypzlkkndHM13BpBY4nk8xDXo9wgw==,,,,,,,,"","","",""
Orchids Pearl Manuka Honey 10+ 250g,S7S1KT0188,,,,,,,,1000,units,,0.00,0.0,,,Labels,Orchids Pearl Labels,,,,https://lnk.sortly.co/v2/downloads/photo/v2_r5urKIO6WF_Y2_nYCwPXwxoxZm9ojL96d3lbD_nvwP5Mes2rxWA0rw==,,,,,,,,"","","",""
Orchids Pearl Manuka Honey 15+ 250g,S7S1KT0189,,,,,,,,3500,units,,0.00,0.0,,,Labels,Orchids Pearl Labels,,,,https://lnk.sortly.co/v2/downloads/photo/v2_xSHFrLRlJd3QfkW_E6RGPXG8AvITCCy78rdl3SQkIRjl4pGERlJyHA==,,,,,,,,"","","",""
Orchids Pearl Manuka Honey 5+ 500g,S7S1KT0187,,,,,,,,8648,units,,0.00,0.0,,,Labels,Orchids Pearl Labels,,,,https://lnk.sortly.co/v2/downloads/photo/v2_JYIBRoNP8ktlfj4CmewHkBf6h_ETR5xhvr1eVrkbxS7uWTqdAqKd2Q==,,,,,,,,"","","",""
New Natural Raw Honey 1kg,S7S1KT0169,,,,,,,,24888,units,,0.00,0.0,,,Labels,Origins Labels,,,,https://lnk.sortly.co/v2/downloads/photo/v2_kxj2hUqHnOkFRLbuFMfcf9XLytRqhSFbeVS5XGz0OBaww1bXY_u0Cw==,,,,,,,,"","","",""
New Organic Raw 500g,S7S1KT0171,,,,,,,,7428,units,,0.00,0.0,,,Labels,Origins Labels,,,,https://lnk.sortly.co/v2/downloads/photo/v2_ftHvy8eIXCkyVtBwPOSMXZhl8hFjh8eharI6gRbeiQFXsFmeZ1GlJQ==,,,,,,,,"","","",""
New Origins Manuka Blend 500g,S7S1KT0170,,,,,,,,25626,units,,0.00,0.0,,,Labels,Origins Labels,,,,https://lnk.sortly.co/v2/downloads/photo/v2_MnCLeHKVvXmIT_IwAkx94AiWLet8E6EEwyMZoY9vLOcuVohcouQTLg==,,,,,,,,"","","",""
New Origins Organic 1kg,S7S1KT0168,,,,,,,,3200,units,,0.00,0.0,,,Labels,Origins Labels,,,,https://lnk.sortly.co/v2/downloads/photo/v2_3Sf1f_rgCQ4O9hGop5YaQ3OUVwcdfeSiScQ06StK9FXKrc9_Wpekyg==,,,,,,,,"","","",""
OriginHealth500g Square Jar - MG 30+,S7S1KT0155,,,,,,,,21738,units,,0.00,0.0,,,Labels,Origins Labels,,,,https://lnk.sortly.co/v2/downloads/photo/v2_1BL-JebrD38DkUuNxk2NQmwe3kcqBt5_nezbft6sOWSHByxXJmKAPw==,,,,,,,,"","","",""
Panda Honey 1kg Blue Gum,S7S1KT0158,,,,,,,,5713,units,,0.00,0.0,,,Labels,Panda Labels,,,,https://lnk.sortly.co/v2/downloads/photo/v2_kVrA-usgjSot83fDkLk1gEK-L87ux4rkX1h2CCuzTSmvFVu7rL-yKQ==,,,,,,,,"","","",""
Panda Honey 3kg Blue Gum,S7S1KT0157,,,,,,,,1920,units,,0.00,0.0,,,Labels,Panda Labels,,,,https://lnk.sortly.co/v2/downloads/photo/v2_OZNM7Om1ZQbHS-_0_NgApkKsmBWdrNdLqbnmSlLOJoVKAaj0YzqJoA==,,,,,,,,"","","",""
Panda Honey 3kg Pure Honey,S7S1KT0156,,,,,,,,1856,units,,0.00,0.0,,,Labels,Panda Labels,,,,https://lnk.sortly.co/v2/downloads/photo/v2_ixH7HdPM-PaggC5S9DR99PIuV6tZdhbwDD9MyHn1KNBKdUsjemv4Tg==,,,,,,,,"","","",""
PandaHoney 1Kg NCI Tub - Pure,S7S1KT0153,,,,,,,,26400,units,,0.00,0.0,,,Labels,Panda Labels,,,,https://lnk.sortly.co/v2/downloads/photo/v2_rtDZgpsF8lLIe7NHyp5ZWUEwIQXf86eaG-djpV0nAzdy7UiW2tDOlw==,,,,,,,,"","","",""
PandaHoney 29Kg Pail - Clear,S7S1KT0151,,,,,,,,1,units,,0.00,0.0,,,Labels,Panda Labels,,,,https://lnk.sortly.co/v2/downloads/photo/v2_bNfgi6jjs2X32qfKOik5suiMZxdgcq4-OFGSIrJKWRT7Br1VLcLyGQ==,,,,,,,,"","","",""
PandaHoney 29Kg Pail - Pure,S7S1KT0154,,,,,,,,1,units,,0.00,0.0,,,Labels,Panda Labels,,,,https://lnk.sortly.co/v2/downloads/photo/v2_QzmUR0ZYSyJ5NxFp5BrEdlPDrDohOvPWZ0SUB_lIf8W8jKXslmyY-w==,,,,,,,,"","","",""
PandaHoney 360g Sqz - Blue Gum,S7S1KT0140,,,,,,,,6672,units,,0.00,0.0,,,Labels,Panda Labels,,,,https://lnk.sortly.co/v2/downloads/photo/v2_ZXX9DSs340N5Wf66TTxz9vu1bz1ng1I5VAnjM_lf_XDQdQxbHAMzeQ==,,,,,,,,"","","",""
PandaHoney 360g Sqz - Orange Blossom,S7S1KT0138,,,,,,,,1200,units,,0.00,0.0,,,Labels,Panda Labels,,,,https://lnk.sortly.co/v2/downloads/photo/v2_xTFDg7i9zPqpoWb8TvbqjZXmn-PQLpp8n_8g-NyPR3kfWCPo0sfn9g==,,,,,,,,"","","",""
PandaHoney 360g Sqz - Pure,S7S1KT0135,,,,,,,,10000,units,,0.00,0.0,,,Labels,Panda Labels,,,,https://lnk.sortly.co/v2/downloads/photo/v2_MoEvxJWi2OJDUauGbJuhW1GVA5pKtr9djJJ57swGKfRhZTgi_BiClw==,,,,,,,,"","","",""
PandaHoney 500g Oval Jar - Pure,S7S1KT0150,,,,,,,,1000,units,,0.00,0.0,,,Labels,Panda Labels,,,,https://lnk.sortly.co/v2/downloads/photo/v2_8JV2M9kiRG0rJtA59llEhU-kpmiEiFUWL8LyJ0mzq1ja1W2hpvHCiw==,,,,,,,,"","","",""
PandaHoney 500g Sqz - Blue Gum,S7S1KT0145,,,,,,,,6501,units,,0.00,0.0,,,Labels,Panda Labels,,,,https://lnk.sortly.co/v2/downloads/photo/v2_RsW0Gh__vY418g7pxRU9D4d9qKEsd74MFU0rbGSFA89DPjt7Bt4FUA==,,,,,,,,"","","",""
PandaHoney 500g Sqz - KI Honey,S7S1KT0146,,,,,,,,5000,units,,0.00,0.0,,,Labels,Panda Labels,,,,https://lnk.sortly.co/v2/downloads/photo/v2_EzZALbX-mkdpwn_iM7e6Q5IiXVHJ3I5Bgi_lTambG17ftnXxRyMv0w==,,,,,,,,"","","",""
PandaHoney 500g Sqz - Pure,S7S1KT0142,,,,,,,,9848,units,,0.00,0.0,,,Labels,Panda Labels,,,,https://lnk.sortly.co/v2/downloads/photo/v2_ptyGNgx-nHgQoDfVrHpoKSXZSi6mvDHwyKvOr--QAtzrd5LehPYO_A==,,,,,,,,"","","",""
PuraBee 1 Kg Tub Front (Aus & HK),S7S1KT0133,,,,,,,,20016,units,,0.00,0.0,,,Labels,PuraBee Labels,,,,https://lnk.sortly.co/v2/downloads/photo/v2_FlLBteXhefrQTtdWUfj0v-sR_cXBzBFBySGVGiCYwcMhTyFaBwnC9g==,,,,,,,,"","","",""
PuraBee 1Kg Tub Back (HK),S7S1KT0195,,,,,,,,15216,units,,0.00,0.0,,,Labels,PuraBee Labels,,,,https://lnk.sortly.co/v2/downloads/photo/v2_CD1xbp2Dma8frhU1YC8WRXBq7PQ9kUoj-2v0j3dlA9nKQLQt0gfVgw==,,,,,,,,"","","",""
PuraBee 1Kg Tube Back (AUS),S7S1KT0197,,,,,,,,14000,units,,0.00,0.0,,,Labels,PuraBee Labels,,,,https://lnk.sortly.co/v2/downloads/photo/v2_-YegebYkZkm7-DUALPXOSsnOpRaXbSOKMgsbYbzAmjXm3WHKsBk7ZQ==,,,,,,,,"","","",""
PuraBee 250g Square Jar - Manuka,S7S1KT0125,,,,,,,,1200,units,,0.00,0.0,,,Labels,PuraBee Labels,,,,,,,,,,,,"","","",""
PuraBee 360g Sqz - MG 30+,S7S1KT0123,,,,,,,,2100,units,,0.00,0.0,,,Labels,PuraBee Labels,,,,https://lnk.sortly.co/v2/downloads/photo/v2_0Zli2w8MIgiG_MMTa2UBEcEooiK2gikyE8fx9QIXKrIL8EQSHFeREg==,,,,,,,,"","","",""
PuraBee 360g Sqz - Pure,S7S1KT0127,,,,,,,,3884,units,,0.00,0.0,,,Labels,PuraBee Labels,,,,https://lnk.sortly.co/v2/downloads/photo/v2_anZk-x_yp-3bL1MSlyQPaLH8U6-pEw2XrWO6-Jw20kvJAUpzPkJyQw==,,,,,,,,"","","",""
PuraBee 500g sqz - Pure Back (HK),S7S1KT0124,,,,,,,,26000,units,,0.00,0.0,,,Labels,PuraBee Labels,,,,https://lnk.sortly.co/v2/downloads/photo/v2_660oZzu1ovdzyAkT7B8PoaXA55SWfDzLHq74tUy7FWaC5PBgFfI_vQ==,,,,,,,,"","","",""
PuraBee 500g sqz -Pure Front (AUS & HK),S7S1KT0163,,,,,,,,18724,units,,0.00,0.0,,,Labels,PuraBee Labels,,,,https://lnk.sortly.co/v2/downloads/photo/v2_NT4UNjkljn9hfa449lWndi9dn1WQxXKQDYQwmlEx9HKgSkYh5QMV1Q==,,,,,,,,"","","",""
Purabee 500g Sqz Pure Back (Aus),S7S1KT0198,,,,,,,,4000,units,,0.00,0.0,,,Labels,PuraBee Labels,,,,https://lnk.sortly.co/v2/downloads/photo/v2_rQrXALRMqrNhNRS3owwwyqlgI2akQu6j8pD6gAlkeuor3InuZktYWQ==,,,,,,,,"","","",""
River fam s.a. Manuka Honey 1200+ 250g,S7S1KT0209,,,,,,,,1550,units,,0.00,0.0,,,Labels,River fam s.a. Manuka Honey,,,,https://lnk.sortly.co/v2/downloads/photo/v2_V2aok_EHPzn0A0bXgSMrADsGZw63HCBylbYQpszQNGiZobzC9Oe9PQ==,,,,,,,,"","","",""
River fam s.a. Manuka Honey 263+ 250g,S7S1KT0206,,,,,,,,1610,units,,0.00,0.0,,,Labels,River fam s.a. Manuka Honey,,,,https://lnk.sortly.co/v2/downloads/photo/v2_wM3UhX6GAR4m4k6dGO65QKq5jfv9HsLcgq4asEsSHPoQE8LrN-_jBw==,,,,,,,,"","","",""
River fam s.a. Manuka Honey 263+ 500g,S7S1KT0211,,,,,,,,1480,units,,0.00,0.0,,,Labels,River fam s.a. Manuka Honey,,,,https://lnk.sortly.co/v2/downloads/photo/v2_gzGOXk9o_OzM8tMmxQxhbgNHid30jmlpAntQjNXdzplxpO23h21MnQ==,,,,,,,,"","","",""
River fam s.a. Manuka Honey 515+ 250g,S7S1KT0207,,,,,,,,1558,units,,0.00,0.0,,,Labels,River fam s.a. Manuka Honey,,,,https://lnk.sortly.co/v2/downloads/photo/v2_W2UmO6c29X4qI_Bsf7CjLZESYm8A6Zsl0KYwQp9MRZELFPYTeEAvYw==,,,,,,,,"","","",""
River fam s.a. Manuka Honey 515+ 500g,S7S1KT0212,,,,,,,,2350,units,,0.00,0.0,,,Labels,River fam s.a. Manuka Honey,,,,https://lnk.sortly.co/v2/downloads/photo/v2_NjFg1C4BvWpVUVRm9vqKSVeJCbHna7EL5bCTbRXUpAcVRoIKfN07gQ==,https://lnk.sortly.co/v2/downloads/photo/v2_u0BRnO5w9Waqmuxr3p-fDiDiIjexOEp-dF0g0WkX_3EV2Djwlalccw==,,,,,,,"","","",""
River fam s.a. Manuka Honey 83+ 500g,S7S1KT0210,,,,,,,,1740,units,,0.00,0.0,,,Labels,River fam s.a. Manuka Honey,,,,https://lnk.sortly.co/v2/downloads/photo/v2_j9rY_0efckm3aYYivekcei3un7DlkLTNfpY7L4bNDBbkEgjU9fuhrw==,,,,,,,,"","","",""
River fam s.a. Manuka Honey 830+ 250g,S7S1KT0208,,,,,,,,1700,units,,0.00,0.0,,,Labels,River fam s.a. Manuka Honey,,,,https://lnk.sortly.co/v2/downloads/photo/v2_4c_nLJxa3Dh5ruRH11dqjR5YwqVNOfTirgGPwrmgYmoekNY4pmtCZw==,,,,,,,,"","","",""
Hive Smith Generic Lid Label,S7S1KT0235,,,,,,,,11200,units,,0.00,0.0,,,Labels,The Hive Smith Labels,,,,https://lnk.sortly.co/v2/downloads/photo/v2_a8klKlqjpbUqrjzfg0BQvqmik0OezMhjcJEOIscix8GbpSlf_l6XDg==,,,,,,,,"","","",""
Hive Smith Manuka Honey MGO100+ 250g,S7S1KT0231,,,,,,,,3200,units,,0.00,0.0,,,Labels,The Hive Smith Labels,,,,https://lnk.sortly.co/v2/downloads/photo/v2_KggEW6FXLabkfw0JGjIhHufUhYf3NQoyJ0F1pA9zeaf3-JH1PqYVEQ==,,,,,,,,"","","",""
Hive Smith Manuka Honey MGO1200+ 250g,S7S1KT0234,,,,,,,,800,units,,0.00,0.0,,,Labels,The Hive Smith Labels,,,,https://lnk.sortly.co/v2/downloads/photo/v2_WzP8SSR-kEFH_xfNjFhgxApdCQKRB3_EfK_1JhB1Cm7y2OuJod6PzQ==,,,,,,,,"","","",""
Hive Smith Manuka Honey MGO250+ 250g,S7S1KT0229,,,,,,,,1600,units,,0.00,0.0,,,Labels,The Hive Smith Labels,,,,https://lnk.sortly.co/v2/downloads/photo/v2_7d7ZXaUZ3PbzdzoA2Kw2QfdPI4U0D1hVqTcGXZXLcI2lXLKdTo6_wg==,,,,,,,,"","","",""
Hive Smith Manuka Honey MGO30+ 250g,S7S1KT0230,,,,,,,,3200,units,,0.00,0.0,,,Labels,The Hive Smith Labels,,,,https://lnk.sortly.co/v2/downloads/photo/v2_adycSWyiMbmZL506vLplElFmRtmI0FVUYYWR8ZSgYFkLTyqG62zpQQ==,,,,,,,,"","","",""
Hive Smith Manuka Honey MGO500+ 250g,S7S1KT0232,,,,,,,,1600,units,,0.00,0.0,,,Labels,The Hive Smith Labels,,,,https://lnk.sortly.co/v2/downloads/photo/v2_JRuH8jKzit0i6zSAs_1jLb1AXeVuMvl6U1ePzOkXNNR4Q5BbgeqtYQ==,,,,,,,,"","","",""
Hive Smith Manuka Honey MGO800+ 250g,S7S1KT0233,,,,,,,,800,units,,0.00,0.0,,,Labels,The Hive Smith Labels,,,,https://lnk.sortly.co/v2/downloads/photo/v2_0YmKMfFdvTjstSDu96u6bTt5Jvxa-zrQecnVoalSsJ7yat72yfoahg==,,,,,,,,"","","",""
Winn 3kg - Pure AU,S7S1KT0118,,,,,,,,42800,units,,0.00,0.0,,,Labels,Winn Labels,,,,https://lnk.sortly.co/v2/downloads/photo/v2_BgDYs-0GgnwsqoILT96uyGs1YlH83M7e1QZV5gyDS9WnaAAwsHyACQ==,,,,,,,,"","","",""
Winn 500g Oval Jar - Pure,S7S1KT0113,,,,,,,,1,units,,0.00,0.0,,,Labels,Winn Labels,,,,https://lnk.sortly.co/v2/downloads/photo/v2_lwXJ-mszFXlth3EWk17HsaYv-Yy8CI_4Igl9NF4KRNKMNd9XNBdH1g==,,,,,,,,"","","",""
Winn 500g Square Jar - Manuka 5+,S7S1KT0110,,,,,,,,1,units,,0.00,0.0,,,Labels,Winn Labels,,,,https://lnk.sortly.co/v2/downloads/photo/v2_MZ3dbF23kC4D8A5AdeD3gEiyMN7D_SQD0X5SnCh1Iw8Ps7owQTBrkg==,https://lnk.sortly.co/v2/downloads/photo/v2_qO9_zL1Atej5xSqpdXNubzGBb-z_GfnZIBFvB1czYr4y6tKlzl9-ww==,,,,,,,"","","",""
14Kg Pail,S7S1KT0053,,,,,,,,0,units,,0.00,0.0,,,Lids,,,,,,,,,,,,,"","","",""
1kg Black Lids for square jars,S7S1KT0174,,,,,,,,41016,units,,0.00,0.0,,,Lids,,,,,https://lnk.sortly.co/v2/downloads/photo/v2_2M4j2KZd0xmLbVQBs5Q9zLAoEgowEFGeNgBU1ShL1TPD8nRfsiigyQ==,,,,,,,,"","","",""
1kg NCI Tub,S7S1KT0056,,,,,,,,408,units,,0.00,0.0,,,Lids,,,,,,,,,,,,,"","","",""
1kg Tub Imported,S7S1KT0060,,,,,,,,59616,units,,0.00,0.0,,,Lids,,,,,https://lnk.sortly.co/v2/downloads/photo/v2_vYByvcBPPBhhTITpwmMk9eUA3sOlofYmC98gCt1h5BHnceF6f8ra1w==,,,,,,,,"","","",""
1kg Value Tub,S7S1KT0055,,,,,,,,912,units,,0.00,0.0,,,Lids,,,,,https://lnk.sortly.co/v2/downloads/photo/v2_sOFzX1doQ5lc3_ZnU3EkIypSGZGKEONm_Bu35pkb8Ocdp09CaFosCw==,,,,,,,,"","","",""
250g Jar Square - Black,S7S1KT0044,,,,,,,,79312,units,,0.00,0.0,,,Lids,,,,,https://lnk.sortly.co/v2/downloads/photo/v2_CeBEQ-xgf_4zcm171_FQdaaREDWgg8NS9xQuO2UM8qhB0HAMatY94A==,,,,,,,,"","","",""
250g Jar Square - White,S7S1KT0043,,,,,,,,12800,units,,0.00,0.0,,,Lids,,,,,https://lnk.sortly.co/v2/downloads/photo/v2_mgqZzghxk_8HHFh7SH-a4fL36tI67rASGKAGJGgR0nGbO_SVdKTdrw==,,,,,,,,"","","",""
29Kg Pail,S7S1KT0058,,,,,,,,77,units,,0.00,0.0,,,Lids,,,,,,,,,,,,,"","","",""
3kg Lid,S7S1KT0059,,,,,,,,72228,units,,0.00,0.0,,,Lids,,,,,https://lnk.sortly.co/v2/downloads/photo/v2_RlSab-wDB3TuZFHfWT_J4ce5kh17QI4aH42Lsyd2RjqoeIaxUuBG6Q==,,,,,,,,"","","",""
500g Jar Oval,S7S1KT0052,,,,,,,,6840,units,,0.00,0.0,,,Lids,,,,,,,,,,,,,"","","",""
500g Jar Round,S7S1KT0051,,,,,,,,36564,units,,0.00,0.0,,,Lids,,,,,https://lnk.sortly.co/v2/downloads/photo/v2_vNU28E7-7uVRpV7yK9_OyTWhS0hvNrdEh-lKL2XAws5WKl_qrY4iMA==,,,,,,,,"","","",""
500g Jar Round - Old,S7S1KT0049,,,,,,,,13485,units,,0.00,0.0,,,Lids,,,,,,,,,,,,,"","","",""
500g Jar Square,S7S1KT0045,,,,,,,,159269,units,,0.00,0.0,,,Lids,,,,,https://lnk.sortly.co/v2/downloads/photo/v2_67x02TpmnAWrw5cP2KqPsmBAdZZYYsxLt4-UDbb8WCWX8CTe2j6BEg==,,,,,,,,"","","",""
500g/360g Squeeze Lids,S7S1KT0050,,,,,,,,133048,units,,0.00,0.0,,,Lids,,,,,https://lnk.sortly.co/v2/downloads/photo/v2_jud1FjVzza6VXK28Pvf06KcBcNWluIBk2dI7GOOs13S3NImhgyJqng==,,,,,,,,"","","",""
700g Jar Round,S7S1KT0054,,,,,,,,0,units,,0.00,0.0,,,Lids,,,,,https://lnk.sortly.co/v2/downloads/photo/v2_swPhbSOrCYx_6UL7b0_wLe2yxaUFYO9CR6F4tpuuHyzaV1gNdGwSKQ==,,,,,,,,"","","",""
Nature Australia 250g White Lids,S7S1KT0161,,,,,,,,2550,units,,0.00,0.0,,,Lids,,,,,https://lnk.sortly.co/v2/downloads/photo/v2_gVpvowfurR1mrSj_ya0P8G4VDVTpEsfH66EPPEx19DKIC3qEO8MCjg==,https://lnk.sortly.co/v2/downloads/photo/v2_anQI7erw1t31B8VmtS9kzOWMVWv2nwlsaSd5FAYBMlsRtuwjSm4LbA==,,,,,,,"","","",""
ALDI - Bramwells Manuka MGO100+,S7S1KT0181,,,,,,,,1750,units,,0.00,0.0,,,Top Inserts,,,,,,,,,,,,,"","","",""
ALDI - Bramwells New 500g,S7S1KT0176,,,,,,,,5536,units,,0.00,0.0,,,Top Inserts,,,,,,,,,,,,,"","","",""
ALDI - Bramwells Yellow Box 360g,S7S1KT0179,,,,,,,,5280,units,,0.00,0.0,,,Top Inserts,,,,,,,,,,,,,"","","",""
Aldi - Bramwells 700g Jar - MB,S7S1KT0108,,,,,,,,3580,units,,0.00,0.0,,,Top Inserts,,,,,,,,,,,,,"","","",""
Aldi - Bramwells Manuka MGO83+SQ Jar,S7S1KT0101,,,,,,,,10,units,,0.00,0.0,,,Top Inserts,,,,,,,,,,,,,"","","",""
Aldi - NovaFarms Raw 360g Sqz - Raw Tray,S7S1KT0116,,,,,,,,36,units,,0.00,0.0,,,Top Inserts,,,,,,,,,,,,,"","","",""
